config-benchmark,Config_ID,Bench_ID,Int Power,Switch Power,Leak Power,Total Power,Dynamic Power,McPAT.Leakage,McPAT.Dynamic,McPAT.Total,McPTA.Error,McPAT.MAPE
GigaBoomConfig-add_fp.riscv,0,0,27.4,3.08,6.7,37.18,30.48,3.89489,44.0961,47.99099,29.08%,29.08%
GigaBoomConfig-add_fp_large.riscv,0,1,27.4,3.08,6.7,37.18,30.48,3.89489,39.5705,43.46539,16.91%,16.91%
GigaBoomConfig-add_int.riscv,0,2,33,6.45,6.84,46.29,39.45,3.89489,48.8383,52.73319,13.92%,13.92%
GigaBoomConfig-add_int_large.riscv,0,3,33,6.42,6.84,46.26,39.42,3.89489,44.4457,48.34059,4.50%,4.50%
GigaBoomConfig-adpcm_dec.riscv,0,4,27.6,3.33,6.79,37.72,30.93,3.89489,30.9977,34.89259,-7.50%,7.50%
GigaBoomConfig-adpcm_enc.riscv,0,5,27.3,3.03,6.8,37.13,30.33,3.89489,30.9599,34.85479,-6.13%,6.13%
GigaBoomConfig-basicmath_small.riscv,0,6,31.7,6.23,6.87,44.8,37.93,3.89489,29.4457,33.34059,-25.58%,25.58%
GigaBoomConfig-binarysearch.riscv,0,7,27.9,3.82,6.75,38.47,31.72,3.89489,23.6235,27.51839,-28.47%,28.47%
GigaBoomConfig-bitcount.riscv,0,8,29,4.53,6.73,40.26,33.53,3.89489,39.2835,43.17839,7.25%,7.25%
GigaBoomConfig-bitonic.riscv,0,9,28.4,4.11,6.7,39.21,32.51,3.89489,47.4526,51.34749,30.96%,30.96%
GigaBoomConfig-branchy.riscv,0,10,25.9,2.2,6.65,34.75,28.1,3.89489,21.2977,25.19259,-27.50%,27.50%
GigaBoomConfig-branchy_large.riscv,0,11,25.9,2.2,6.65,34.75,28.1,3.89489,21.1808,25.07569,-27.84%,27.84%
GigaBoomConfig-bsort.riscv,0,12,36.3,10.2,6.8,53.3,46.5,3.89489,63.502,67.39689,26.45%,26.45%
GigaBoomConfig-bubblesort.riscv,0,13,34.7,8.41,6.84,49.95,43.11,3.89489,63.7604,67.65529,35.45%,35.45%
GigaBoomConfig-cnt.riscv,0,14,27.4,3.61,6.7,37.71,31.01,3.89489,27.5109,31.40579,-16.72%,16.72%
GigaBoomConfig-complex_updates.riscv,0,15,26,2.32,6.67,34.99,28.32,3.89489,31.9208,35.81569,2.36%,2.36%
GigaBoomConfig-compress.riscv,0,16,26.4,2.92,6.67,35.99,29.32,3.89489,41.7046,45.59949,26.70%,26.70%
GigaBoomConfig-countnegative.riscv,0,17,27.5,3.49,6.73,37.72,30.99,3.89489,33.5233,37.41819,-0.80%,0.80%
GigaBoomConfig-cover.riscv,0,18,26,2.2,6.65,34.85,28.2,3.89489,29.6719,33.56679,-3.68%,3.68%
GigaBoomConfig-crc.riscv,0,19,29.6,5.04,6.73,41.37,34.64,3.89489,37.8605,41.75539,0.93%,0.93%
GigaBoomConfig-dhrystone.riscv,0,20,37.3,10.3,6.8,54.4,47.6,3.89489,58.5363,62.43119,14.76%,14.76%
GigaBoomConfig-duff.riscv,0,21,26.1,2.41,6.66,35.17,28.51,3.89489,33.3904,37.28529,6.01%,6.01%
GigaBoomConfig-edn.riscv,0,22,35.2,9.01,6.78,50.99,44.21,3.89489,57.2172,61.11209,19.85%,19.85%
GigaBoomConfig-expint.riscv,0,23,26.5,2.67,6.76,35.93,29.17,3.89489,22.1978,26.09269,-27.38%,27.38%
GigaBoomConfig-fac.riscv,0,24,25.9,2.22,6.65,34.77,28.12,3.89489,21.6386,25.53349,-26.56%,26.56%
GigaBoomConfig-fft.riscv,0,25,31,5.42,6.87,43.29,36.42,3.89489,29.3713,33.26619,-23.16%,23.16%
GigaBoomConfig-fibonacci.riscv,0,26,29.4,4.42,6.7,40.52,33.82,3.89489,45.3477,49.24259,21.53%,21.53%
GigaBoomConfig-fir2dim.riscv,0,27,27,3.02,6.68,36.7,30.02,3.89489,39.5801,43.47499,18.46%,18.46%
GigaBoomConfig-fmref.riscv,0,28,34.4,7.42,6.92,48.74,41.82,3.89489,32.6827,36.57759,-24.95%,24.95%
GigaBoomConfig-frac.riscv,0,29,28.6,4.02,6.75,39.37,32.62,3.89489,38.1076,42.00249,6.69%,6.69%
GigaBoomConfig-h264_dec.riscv,0,30,31.8,6.8,6.74,45.34,38.6,3.89489,45.3777,49.27259,8.67%,8.67%
GigaBoomConfig-hello_world.riscv,0,31,34,7.05,6.83,47.88,41.05,3.89489,44.9755,48.87039,2.07%,2.07%
GigaBoomConfig-hello_world_large.riscv,0,32,34.6,7.34,6.84,48.78,41.94,3.89489,46.541,50.43589,3.39%,3.39%
GigaBoomConfig-huff_dec.riscv,0,33,35,8.47,6.81,50.28,43.47,3.89489,52.0632,55.95809,11.29%,11.29%
GigaBoomConfig-iir.riscv,0,34,26.2,2.4,6.66,35.26,28.6,3.89489,31.5629,35.45779,0.56%,0.56%
GigaBoomConfig-insertsort.riscv,0,35,26.1,2.39,6.66,35.15,28.49,3.89489,32.2268,36.12169,2.76%,2.76%
GigaBoomConfig-jfdctint.riscv,0,36,26.4,2.57,6.67,35.64,28.97,3.89489,26.536,30.43089,-14.62%,14.62%
GigaBoomConfig-levenshtein.riscv,0,37,35.7,8.59,6.78,51.07,44.29,3.89489,54.9121,58.80699,15.15%,15.15%
GigaBoomConfig-lift.riscv,0,38,40.3,11.8,6.8,58.9,52.1,3.89489,31.7227,35.61759,-39.53%,39.53%
GigaBoomConfig-lms.riscv,0,39,33.9,7.32,6.88,48.1,41.22,3.89489,46.2269,50.12179,4.20%,4.20%
GigaBoomConfig-ludcmp.riscv,0,40,25.2,2.26,6.66,34.12,27.46,3.89489,30.8656,34.76049,1.88%,1.88%
GigaBoomConfig-matrix_mult.riscv,0,41,33.6,7.19,6.84,47.63,40.79,3.89489,51.8618,55.75669,17.06%,17.06%
GigaBoomConfig-median.riscv,0,42,30.4,5.54,6.75,42.69,35.94,3.89489,32.2455,36.14039,-15.34%,15.34%
GigaBoomConfig-mergesort.riscv,0,43,39.8,12,6.86,58.66,51.8,3.89489,65.1734,69.06829,17.74%,17.74%
GigaBoomConfig-minver.riscv,0,44,26.3,2.58,6.67,35.55,28.88,3.89489,30.7582,34.65309,-2.52%,2.52%
GigaBoomConfig-multiply.riscv,0,45,33,6.76,6.77,46.53,39.76,3.89489,40.9081,44.80299,-3.71%,3.71%
GigaBoomConfig-ndes.riscv,0,46,31.5,6.36,6.77,44.63,37.86,3.89489,58.2339,62.12879,39.21%,39.21%
GigaBoomConfig-petrinet.riscv,0,47,27.4,3.43,6.68,37.51,30.83,3.89489,37.1433,41.03819,9.41%,9.41%
GigaBoomConfig-prime.riscv,0,48,27,2.95,6.72,36.67,29.95,3.89489,37.7316,41.62649,13.52%,13.52%
GigaBoomConfig-qsort.riscv,0,49,33.5,7.67,6.84,48.01,41.17,3.89489,41.379,45.27389,-5.70%,5.70%
GigaBoomConfig-qurt.riscv,0,50,29,4.16,6.85,40.01,33.16,3.89489,37.7354,41.63029,4.05%,4.05%
GigaBoomConfig-recursion.riscv,0,51,26.8,2.06,6.65,35.51,28.86,3.89489,34.7788,38.67369,8.91%,8.91%
GigaBoomConfig-rsort.riscv,0,52,37,9.65,6.79,53.44,46.65,3.89489,53.0058,56.90069,6.48%,6.48%
GigaBoomConfig-rv64ua-ps-amoadd_d_200,0,53,27.7,3.39,6.72,37.81,31.09,3.89489,24.1721,28.06699,-25.77%,25.77%
GigaBoomConfig-rv64ud-ps-fclass_200,0,54,36.6,7.86,6.71,51.17,44.46,3.89489,45.6166,49.51149,-3.24%,3.24%
GigaBoomConfig-rv64ud-ps-move_200,0,55,41.7,11.2,6.85,59.75,52.9,3.89489,37.9732,41.86809,-29.93%,29.93%
GigaBoomConfig-rv64ud-ps-structural_200,0,56,38.5,8.28,6.73,53.51,46.78,3.89489,46.834,50.72889,-5.20%,5.20%
GigaBoomConfig-rv64ui-ps-add_200,0,57,34.2,7.57,6.71,48.48,41.77,3.89489,33.6879,37.58279,-22.48%,22.48%
GigaBoomConfig-rv64ui-ps-auipc_200,0,58,34.7,5.71,6.69,47.1,40.41,3.89489,42.131,46.02589,-2.28%,2.28%
GigaBoomConfig-rv64ui-ps-bne_200,0,59,33.8,7.21,6.69,47.7,41.01,3.89489,46.4968,50.39169,5.64%,5.64%
GigaBoomConfig-rv64ui-ps-fence_i_200,0,60,28.8,3,6.71,38.51,31.8,3.89489,35.351,39.24589,1.91%,1.91%
GigaBoomConfig-rv64ui-ps-jal_200,0,61,32.4,4.39,6.65,43.44,36.79,3.89489,45.1926,49.08749,13.00%,13.00%
GigaBoomConfig-rv64ui-ps-jalr_200,0,62,34.1,6.55,6.68,47.33,40.65,3.89489,40.4133,44.30819,-6.38%,6.38%
GigaBoomConfig-rv64ui-ps-lui_200,0,63,33,5.21,6.67,44.88,38.21,3.89489,38.9224,42.81729,-4.60%,4.60%
GigaBoomConfig-rv64ui-ps-lw_200,0,64,34.7,3.47,7.76,45.93,38.17,3.89489,44.8779,48.77279,6.19%,6.19%
GigaBoomConfig-rv64ui-ps-ori_200,0,65,34.6,7.67,6.72,48.99,42.27,3.89489,35.4381,39.33299,-19.71%,19.71%
GigaBoomConfig-rv64ui-ps-slli_200,0,66,34.4,7.48,6.71,48.59,41.88,3.89489,36.3732,40.26809,-17.13%,17.13%
GigaBoomConfig-rv64ui-ps-slt_200,0,67,34.1,7.57,6.7,48.37,41.67,3.89489,37.4639,41.35879,-14.49%,14.49%
GigaBoomConfig-rv64ui-ps-sra_200,0,68,35,8.4,6.75,50.15,43.4,3.89489,36.2667,40.16159,-19.92%,19.92%
GigaBoomConfig-rv64ui-ps-sw_200,0,69,35,8.54,6.75,50.29,43.54,3.89489,45.1009,48.99579,-2.57%,2.57%
GigaBoomConfig-rv64ui-ps-xori_200,0,70,34.6,7.67,6.72,48.99,42.27,3.89489,36.0305,39.92539,-18.50%,18.50%
GigaBoomConfig-rv64um-ps-mulw_200,0,71,34,7.3,6.7,48,41.3,3.89489,42.7051,46.59999,-2.92%,2.92%
GigaBoomConfig-select.riscv,0,72,26.8,2.88,6.67,36.35,29.68,3.89489,35.1076,39.00249,7.30%,7.30%
GigaBoomConfig-spmv.riscv,0,73,29.6,5.1,6.72,41.42,34.7,3.89489,36.6717,40.56659,-2.06%,2.06%
GigaBoomConfig-sqrt.riscv,0,74,29,4.14,6.86,40,33.14,3.89489,38.1302,42.02509,5.06%,5.06%
GigaBoomConfig-st.riscv,0,75,30,4.95,6.83,41.78,34.95,3.89489,27.1374,31.03229,-25.72%,25.72%
GigaBoomConfig-tarai.riscv,0,76,26.3,2.5,6.66,35.46,28.8,3.89489,28.4746,32.36949,-8.72%,8.72%
GigaBoomConfig-towers.riscv,0,77,30.6,5.6,6.74,42.94,36.2,3.89489,38.8749,42.76979,-0.40%,0.40%
GigaBoomConfig-vvadd.riscv,0,78,28.6,4.21,6.71,39.52,32.81,3.89489,29.8095,33.70439,-14.72%,14.72%
GigaBoomConfig-whetstone.riscv,0,79,27.3,3.35,6.78,37.43,30.65,3.89489,41.1844,45.07929,20.44%,20.44%
GigaBoomProConfig-add_fp.riscv,1,0,29.3,3.16,7.37,39.83,32.46,4.07468,45.6678,49.74248,24.89%,24.89%
GigaBoomProConfig-add_fp_large.riscv,1,1,29.3,3.17,7.37,39.84,32.47,4.07468,40.9419,45.01658,12.99%,12.99%
GigaBoomProConfig-add_int.riscv,1,2,35.4,6.75,7.52,49.67,42.15,4.07468,50.7323,54.80698,10.34%,10.34%
GigaBoomProConfig-add_int_large.riscv,1,3,35.4,6.72,7.52,49.64,42.12,4.07468,45.8867,49.96138,0.65%,0.65%
GigaBoomProConfig-adpcm_dec.riscv,1,4,31.1,4.09,7.52,42.71,35.19,4.07468,31.269,35.34368,-17.25%,17.25%
GigaBoomProConfig-adpcm_enc.riscv,1,5,30.5,3.59,7.52,41.61,34.09,4.07468,31.2438,35.31848,-15.12%,15.12%
GigaBoomProConfig-basicmath_small.riscv,1,6,33.9,6.49,7.54,47.93,40.39,4.07468,29.263,33.33768,-30.45%,30.45%
GigaBoomProConfig-binarysearch.riscv,1,7,30,3.97,7.43,41.4,33.97,4.07468,24.1007,28.17538,-31.94%,31.94%
GigaBoomProConfig-bitcount.riscv,1,8,31,4.69,7.41,43.1,35.69,4.07468,39.993,44.06768,2.25%,2.25%
GigaBoomProConfig-bitonic.riscv,1,9,30.4,4.23,7.37,42,34.63,4.07468,48.1912,52.26588,24.44%,24.44%
GigaBoomProConfig-branchy.riscv,1,10,27.8,2.21,7.32,37.33,30.01,4.07468,21.8643,25.93898,-30.51%,30.51%
GigaBoomProConfig-branchy_large.riscv,1,11,27.8,2.21,7.32,37.33,30.01,4.07468,21.9112,25.98588,-30.39%,30.39%
GigaBoomProConfig-bsort.riscv,1,12,38.9,10.7,7.47,57.07,49.6,4.07468,64.4692,68.54388,20.10%,20.10%
GigaBoomProConfig-bubblesort.riscv,1,13,37.7,9.07,7.54,54.31,46.77,4.07468,64.7374,68.81208,26.70%,26.70%
GigaBoomProConfig-cnt.riscv,1,14,29.3,3.67,7.38,40.35,32.97,4.07468,28.1288,32.20348,-20.19%,20.19%
GigaBoomProConfig-complex_updates.riscv,1,15,27.9,2.34,7.34,37.58,30.24,4.07468,32.3084,36.38308,-3.18%,3.18%
GigaBoomProConfig-compress.riscv,1,16,28.3,2.98,7.34,38.62,31.28,4.07468,43.9403,48.01498,24.33%,24.33%
GigaBoomProConfig-countnegative.riscv,1,17,29.6,3.65,7.4,40.65,33.25,4.07468,34.3312,38.40588,-5.52%,5.52%
GigaBoomProConfig-cover.riscv,1,18,27.8,2.22,7.32,37.34,30.02,4.07468,30.6489,34.72358,-7.01%,7.01%
GigaBoomProConfig-crc.riscv,1,19,32.6,5.87,7.42,45.89,38.47,4.07468,38.4648,42.53948,-7.30%,7.30%
GigaBoomProConfig-dhrystone.riscv,1,20,39.8,10.8,7.48,58.08,50.6,4.07468,58.9237,62.99838,8.47%,8.47%
GigaBoomProConfig-duff.riscv,1,21,28,2.43,7.33,37.76,30.43,4.07468,33.9091,37.98378,0.59%,0.59%
GigaBoomProConfig-edn.riscv,1,22,37.5,9.36,7.46,54.32,46.86,4.07468,56.9995,61.07418,12.43%,12.43%
GigaBoomProConfig-expint.riscv,1,23,28.5,2.7,7.44,38.64,31.2,4.07468,22.6452,26.71988,-30.85%,30.85%
GigaBoomProConfig-fac.riscv,1,24,27.8,2.23,7.32,37.35,30.03,4.07468,22.0549,26.12958,-30.04%,30.04%
GigaBoomProConfig-fft.riscv,1,25,33.3,5.67,7.55,46.52,38.97,4.07468,29.7613,33.83598,-27.27%,27.27%
GigaBoomProConfig-fibonacci.riscv,1,26,34.3,6.31,7.41,48.02,40.61,4.07468,46.3552,50.42988,5.02%,5.02%
GigaBoomProConfig-fir2dim.riscv,1,27,28.9,3.09,7.35,39.34,31.99,4.07468,40.2955,44.37018,12.79%,12.79%
GigaBoomProConfig-fmref.riscv,1,28,37.2,7.87,7.6,52.67,45.07,4.07468,33.1095,37.18418,-29.40%,29.40%
GigaBoomProConfig-frac.riscv,1,29,30.8,4.18,7.42,42.4,34.98,4.07468,37.7159,41.79058,-1.44%,1.44%
GigaBoomProConfig-h264_dec.riscv,1,30,34.2,7.21,7.42,48.83,41.41,4.07468,46.1936,50.26828,2.95%,2.95%
GigaBoomProConfig-hello_world.riscv,1,31,37.1,7.67,7.52,52.29,44.77,4.07468,47.057,51.13168,-2.22%,2.22%
GigaBoomProConfig-hello_world_large.riscv,1,32,36.5,7.37,7.51,51.38,43.87,4.07468,48.7141,52.78878,2.74%,2.74%
GigaBoomProConfig-huff_dec.riscv,1,33,37.3,8.76,7.48,53.54,46.06,4.07468,53.4427,57.51738,7.43%,7.43%
GigaBoomProConfig-iir.riscv,1,34,28,2.43,7.33,37.76,30.43,4.07468,32.1415,36.21618,-4.09%,4.09%
GigaBoomProConfig-insertsort.riscv,1,35,28,2.39,7.33,37.72,30.39,4.07468,32.3342,36.40888,-3.48%,3.48%
GigaBoomProConfig-jfdctint.riscv,1,36,28.3,2.6,7.34,38.24,30.9,4.07468,26.6583,30.73298,-19.63%,19.63%
GigaBoomProConfig-levenshtein.riscv,1,37,38,8.96,7.46,54.42,46.96,4.07468,55.4851,59.55978,9.44%,9.44%
GigaBoomProConfig-lift.riscv,1,38,42.9,12.4,7.47,62.77,55.3,4.07468,32.1482,36.22288,-42.29%,42.29%
GigaBoomProConfig-lms.riscv,1,39,36.6,7.79,7.56,51.95,44.39,4.07468,46.8166,50.89128,-2.04%,2.04%
GigaBoomProConfig-ludcmp.riscv,1,40,27.1,2.28,7.32,36.7,29.38,4.07468,31.6542,35.72888,-2.65%,2.65%
GigaBoomProConfig-matrix_mult.riscv,1,41,36.1,7.58,7.52,51.2,43.68,4.07468,53.7226,57.79728,12.89%,12.89%
GigaBoomProConfig-median.riscv,1,42,32.5,5.73,7.42,45.65,38.23,4.07468,32.4228,36.49748,-20.05%,20.05%
GigaBoomProConfig-mergesort.riscv,1,43,42.5,12.7,7.54,62.74,55.2,4.07468,65.5293,69.60398,10.94%,10.94%
GigaBoomProConfig-minver.riscv,1,44,28.1,2.6,7.34,38.04,30.7,4.07468,31.2841,35.35878,-7.05%,7.05%
GigaBoomProConfig-multiply.riscv,1,45,35.1,6.98,7.45,49.53,42.08,4.07468,41.3947,45.46938,-8.20%,8.20%
GigaBoomProConfig-ndes.riscv,1,46,33.6,6.6,7.44,47.64,40.2,4.07468,59.1272,63.20188,32.67%,32.67%
GigaBoomProConfig-petrinet.riscv,1,47,29.4,3.53,7.35,40.28,32.93,4.07468,38.7904,42.86508,6.42%,6.42%
GigaBoomProConfig-prime.riscv,1,48,28.9,3.03,7.39,39.32,31.93,4.07468,38.3996,42.47428,8.02%,8.02%
GigaBoomProConfig-qsort.riscv,1,49,28.2,6.33,7.55,42.08,34.53,4.07468,41.9207,45.99538,9.30%,9.30%
GigaBoomProConfig-qurt.riscv,1,50,31.7,4.45,7.55,43.7,36.15,4.07468,38.1688,42.24348,-3.33%,3.33%
GigaBoomProConfig-recursion.riscv,1,51,28.4,2.68,7.33,38.41,31.08,4.07468,35.7948,39.86948,3.80%,3.80%
GigaBoomProConfig-rsort.riscv,1,52,41.3,11.3,7.49,60.09,52.6,4.07468,52.1765,56.25118,-6.39%,6.39%
GigaBoomProConfig-rv64ua-ps-amoadd_d_200,1,53,29.7,3.58,7.39,40.67,33.28,4.07468,25.0578,29.13248,-28.37%,28.37%
GigaBoomProConfig-rv64ud-ps-fclass_200,1,54,39,8.17,7.38,54.55,47.17,4.07468,47.4335,51.50818,-5.58%,5.58%
GigaBoomProConfig-rv64ud-ps-move_200,1,55,44.6,11.7,7.52,63.82,56.3,4.07468,38.8158,42.89048,-32.79%,32.79%
GigaBoomProConfig-rv64ud-ps-structural_200,1,56,41.5,8.7,7.4,57.6,50.2,4.07468,49.3117,53.38638,-7.32%,7.32%
GigaBoomProConfig-rv64ui-ps-and_200,1,57,36.3,7.86,7.38,51.54,44.16,4.07468,34.8749,38.94958,-24.43%,24.43%
GigaBoomProConfig-rv64ui-ps-auipc_200,1,58,37,5.87,7.36,50.23,42.87,4.07468,44.9411,49.01578,-2.42%,2.42%
GigaBoomProConfig-rv64ui-ps-bne_200,1,59,35.9,7.47,7.36,50.73,43.37,4.07468,49.4272,53.50188,5.46%,5.46%
GigaBoomProConfig-rv64ui-ps-fence_i_200,1,60,30.8,3.08,7.38,41.26,33.88,4.07468,37.9316,42.00628,1.81%,1.81%
GigaBoomProConfig-rv64ui-ps-jal_200,1,61,34.5,4.59,7.32,46.41,39.09,4.07468,48.3476,52.42228,12.95%,12.95%
GigaBoomProConfig-rv64ui-ps-jalr_200,1,62,36.3,6.8,7.35,50.45,43.1,4.07468,42.6971,46.77178,-7.29%,7.29%
GigaBoomProConfig-rv64ui-ps-lui_200,1,63,35.1,5.41,7.33,47.84,40.51,4.07468,41.0466,45.12128,-5.68%,5.68%
GigaBoomProConfig-rv64ui-ps-lw_200,1,64,37,8.07,7.39,52.46,45.07,4.07468,46.6499,50.72458,-3.31%,3.31%
GigaBoomProConfig-rv64ui-ps-ori_200,1,65,36.8,7.96,7.39,52.15,44.76,4.07468,36.9743,41.04898,-21.29%,21.29%
GigaBoomProConfig-rv64ui-ps-slli_200,1,66,36.6,7.78,7.37,51.75,44.38,4.07468,38.0112,42.08588,-18.67%,18.67%
GigaBoomProConfig-rv64ui-ps-slt_200,1,67,36.3,7.88,7.37,51.55,44.18,4.07468,39.0854,43.16008,-16.28%,16.28%
GigaBoomProConfig-rv64ui-ps-sra_200,1,68,37.2,8.73,7.41,53.34,45.93,4.07468,37.8036,41.87828,-21.49%,21.49%
GigaBoomProConfig-rv64ui-ps-sw_200,1,69,37.4,9.04,7.42,53.86,46.44,4.07468,46.6709,50.74558,-5.78%,5.78%
GigaBoomProConfig-rv64ui-ps-xori_200,1,70,36.8,7.97,7.39,52.16,44.77,4.07468,37.5811,41.65578,-20.14%,20.14%
GigaBoomProConfig-rv64um-ps-mulw_200,1,71,36.2,7.6,7.37,51.17,43.8,4.07468,44.586,48.66068,-4.90%,4.90%
GigaBoomProConfig-select.riscv,1,72,28.7,2.92,7.34,38.96,31.62,4.07468,35.3159,39.39058,1.11%,1.11%
GigaBoomProConfig-spmv.riscv,1,73,29.3,3.73,7.36,40.39,33.03,4.07468,36.7385,40.81318,1.05%,1.05%
GigaBoomProConfig-sqrt.riscv,1,74,31.1,4.18,7.54,42.82,35.28,4.07468,38.9527,43.02738,0.48%,0.48%
GigaBoomProConfig-st.riscv,1,75,32.2,5.07,7.5,44.77,37.27,4.07468,27.7091,31.78378,-29.01%,29.01%
GigaBoomProConfig-tarai.riscv,1,76,28.2,2.54,7.33,38.07,30.74,4.07468,29.0599,33.13458,-12.96%,12.96%
GigaBoomProConfig-towers.riscv,1,77,32.8,5.85,7.41,46.06,38.65,4.07468,39.6498,43.72448,-5.07%,5.07%
GigaBoomProConfig-vvadd.riscv,1,78,30.6,4.34,7.38,42.32,34.94,4.07468,30.5819,34.65658,-18.11%,18.11%
GigaBoomProConfig-whetstone.riscv,1,79,29.3,3.42,7.45,40.17,32.72,4.07468,42.2398,46.31448,15.30%,15.30%
GigaBoomSEConfig-add_fp.riscv,2,0,29.9,3.75,6.1,39.75,33.65,3.69551,41.12,44.81551,12.74%,12.74%
GigaBoomSEConfig-add_fp_large.riscv,2,1,29.9,3.76,6.1,39.76,33.66,3.69551,37.0737,40.76921,2.54%,2.54%
GigaBoomSEConfig-add_int.riscv,2,2,35.1,7.03,6.21,48.34,42.13,3.69551,43.6573,47.35281,-2.04%,2.04%
GigaBoomSEConfig-add_int_large.riscv,2,3,33,5.82,6.18,45,38.82,3.69551,40.4214,44.11691,-1.96%,1.96%
GigaBoomSEConfig-adpcm_dec.riscv,2,4,31.6,4.62,6.23,42.45,36.22,3.69551,29.1589,32.85441,-22.60%,22.60%
GigaBoomSEConfig-adpcm_enc.riscv,2,5,31.6,4.62,6.23,42.45,36.22,3.69551,29.1331,32.82861,-22.67%,22.67%
GigaBoomSEConfig-basicmath_small.riscv,2,6,33.9,6.86,6.24,47,40.76,3.69551,27.6329,31.32841,-33.34%,33.34%
GigaBoomSEConfig-binarysearch.riscv,2,7,30.6,4.47,6.15,41.22,35.07,3.69551,22.3907,26.08621,-36.71%,36.71%
GigaBoomSEConfig-bitcount.riscv,2,8,31.5,5.16,6.13,42.79,36.66,3.69551,36.9873,40.68281,-4.92%,4.92%
GigaBoomSEConfig-bitonic.riscv,2,9,31.1,4.77,6.1,41.97,35.87,3.69551,44.6382,48.33371,15.16%,15.16%
GigaBoomSEConfig-branchy.riscv,2,10,28.8,2.92,6.06,37.78,31.72,3.69551,19.9761,23.67161,-37.34%,37.34%
GigaBoomSEConfig-branchy_large.riscv,2,11,28.8,2.92,6.06,37.78,31.72,3.69551,19.9486,23.64411,-37.42%,37.42%
GigaBoomSEConfig-bsort.riscv,2,12,37,9.69,6.18,52.87,46.69,3.69551,60.6248,64.32031,21.66%,21.66%
GigaBoomSEConfig-bubblesort.riscv,2,13,35.3,8.44,6.21,49.95,43.74,3.69551,60.9266,64.62211,29.37%,29.37%
GigaBoomSEConfig-cnt.riscv,2,14,30.2,4.3,6.11,40.61,34.5,3.69551,26.006,29.70151,-26.86%,26.86%
GigaBoomSEConfig-complex_updates.riscv,2,15,28.8,3.02,6.08,37.9,31.82,3.69551,30.4375,34.13301,-9.94%,9.94%
GigaBoomSEConfig-compress.riscv,2,16,29.2,3.57,6.08,38.85,32.77,3.69551,39.5416,43.23711,11.29%,11.29%
GigaBoomSEConfig-countnegative.riscv,2,17,30.2,4.21,6.13,40.54,34.41,3.69551,31.4911,35.18661,-13.21%,13.21%
GigaBoomSEConfig-cover.riscv,2,18,28.8,2.92,6.07,37.79,31.72,3.69551,28.121,31.81651,-15.81%,15.81%
GigaBoomSEConfig-crc.riscv,2,19,33.3,6.35,6.14,45.79,39.65,3.69551,35.6984,39.39391,-13.97%,13.97%
GigaBoomSEConfig-dhrystone.riscv,2,20,35.1,7.99,6.15,49.24,43.09,3.69551,54.4993,58.19481,18.19%,18.19%
GigaBoomSEConfig-duff.riscv,2,21,29,3.11,6.07,38.18,32.11,3.69551,31.9276,35.62311,-6.70%,6.70%
GigaBoomSEConfig-edn.riscv,2,22,37.5,9.35,6.18,53.03,46.85,3.69551,53.8038,57.49931,8.43%,8.43%
GigaBoomSEConfig-expint.riscv,2,23,29.1,3.37,6.16,38.63,32.47,3.69551,21.1533,24.84881,-35.67%,35.67%
GigaBoomSEConfig-fac.riscv,2,24,28.8,2.93,6.06,37.79,31.73,3.69551,20.576,24.27151,-35.77%,35.77%
GigaBoomSEConfig-fft.riscv,2,25,30.9,4.37,6.17,41.44,35.27,3.69551,27.8104,31.50591,-23.97%,23.97%
GigaBoomSEConfig-fibonacci.riscv,2,26,34.6,6.58,6.13,47.31,41.18,3.69551,43.0508,46.74631,-1.19%,1.19%
GigaBoomSEConfig-fir2dim.riscv,2,27,29.7,3.68,6.09,39.47,33.38,3.69551,37.7315,41.42701,4.96%,4.96%
GigaBoomSEConfig-fmref.riscv,2,28,36.1,7.77,6.3,50.17,43.87,3.69551,31.0877,34.78321,-30.67%,30.67%
GigaBoomSEConfig-frac.riscv,2,29,31.2,4.69,6.14,42.03,35.89,3.69551,35.4397,39.13521,-6.89%,6.89%
GigaBoomSEConfig-h264_dec.riscv,2,30,34.4,7.42,6.14,47.96,41.82,3.69551,43.0836,46.77911,-2.46%,2.46%
GigaBoomSEConfig-hello_world.riscv,2,31,36.1,7.5,6.2,49.8,43.6,3.69551,41.8903,45.58581,-8.46%,8.46%
GigaBoomSEConfig-hello_world_large.riscv,2,32,36.6,7.78,6.2,50.58,44.38,3.69551,43.3272,47.02271,-7.03%,7.03%
GigaBoomSEConfig-huff_dec.riscv,2,33,37.3,9.03,6.18,52.51,46.33,3.69551,49.2828,52.97831,0.89%,0.89%
GigaBoomSEConfig-iir.riscv,2,34,29,3.1,6.07,38.17,32.1,3.69551,30.1669,33.86241,-11.29%,11.29%
GigaBoomSEConfig-insertsort.riscv,2,35,28.9,3.08,6.07,38.05,31.98,3.69551,30.5442,34.23971,-10.01%,10.01%
GigaBoomSEConfig-jfdctint.riscv,2,36,29.2,3.27,6.08,38.55,32.47,3.69551,25.499,29.19451,-24.27%,24.27%
GigaBoomSEConfig-levenshtein.riscv,2,37,38.2,9.22,6.17,53.59,47.42,3.69551,51.7036,55.39911,3.38%,3.38%
GigaBoomSEConfig-lift.riscv,2,38,42.6,12.3,6.18,61.08,54.9,3.69551,30.1441,33.83961,-44.60%,44.60%
GigaBoomSEConfig-lms.riscv,2,39,35.8,7.77,6.25,49.82,43.57,3.69551,43.6754,47.37091,-4.92%,4.92%
GigaBoomSEConfig-ludcmp.riscv,2,40,28.1,2.98,6.07,37.15,31.08,3.69551,27.8425,31.53801,-15.11%,15.11%
GigaBoomSEConfig-matrix_mult.riscv,2,41,35.4,7.57,6.2,49.17,42.97,3.69551,45.9406,49.63611,0.95%,0.95%
GigaBoomSEConfig-median.riscv,2,42,32.6,6.09,6.14,44.83,38.69,3.69551,30.4722,34.16771,-23.78%,23.78%
GigaBoomSEConfig-mergesort.riscv,2,43,41.4,12.1,6.23,59.73,53.5,3.69551,61.22,64.91551,8.68%,8.68%
GigaBoomSEConfig-minver.riscv,2,44,29.1,3.27,6.08,38.45,32.37,3.69551,29.3868,33.08231,-13.96%,13.96%
GigaBoomSEConfig-multiply.riscv,2,45,35.5,7.46,6.16,49.12,42.96,3.69551,38.3684,42.06391,-14.37%,14.37%
GigaBoomSEConfig-ndes.riscv,2,46,33.9,6.81,6.16,46.87,40.71,3.69551,55.3213,59.01681,25.92%,25.92%
GigaBoomSEConfig-petrinet.riscv,2,47,30.1,4.12,6.09,40.31,34.22,3.69551,34.7983,38.49381,-4.51%,4.51%
GigaBoomSEConfig-prime.riscv,2,48,29.6,3.68,6.12,39.4,33.28,3.69551,35.4252,39.12071,-0.71%,0.71%
GigaBoomSEConfig-qsort.riscv,2,49,36,8.39,6.22,50.61,44.39,3.69551,37.9987,41.69421,-17.62%,17.62%
GigaBoomSEConfig-qurt.riscv,2,50,31.4,4.77,6.23,42.4,36.17,3.69551,35.0293,38.72481,-8.67%,8.67%
GigaBoomSEConfig-recursion.riscv,2,51,29.4,3.36,6.07,38.83,32.76,3.69551,33.0928,36.78831,-5.26%,5.26%
GigaBoomSEConfig-rsort.riscv,2,52,40.5,10.9,6.19,57.59,51.4,3.69551,49.0934,52.78891,-8.34%,8.34%
GigaBoomSEConfig-rv64ua-ps-amoadd_d_200,2,53,30.4,4.08,6.12,40.6,34.48,3.69551,22.5733,26.26881,-35.30%,35.30%
GigaBoomSEConfig-rv64ud-ps-fclass_200,2,54,39.2,8.44,6.12,53.76,47.64,3.69551,42.3112,46.00671,-14.42%,14.42%
GigaBoomSEConfig-rv64ud-ps-move_200,2,55,43.9,1.16,6.24,51.3,45.06,3.69551,35.7042,39.39971,-23.20%,23.20%
GigaBoomSEConfig-rv64ud-ps-structural_200,2,56,40.5,8.76,6.13,55.39,49.26,3.69551,43.2149,46.91041,-15.31%,15.31%
GigaBoomSEConfig-rv64ui-ps-and_200,2,57,36.8,8.23,6.12,51.15,45.03,3.69551,31.4855,35.18101,-31.22%,31.22%
GigaBoomSEConfig-rv64ui-ps-auipc_200,2,58,37.4,6.34,6.1,49.84,43.74,3.69551,38.5162,42.21171,-15.31%,15.31%
GigaBoomSEConfig-rv64ui-ps-bne_200,2,59,36.3,7.88,6.1,50.28,44.18,3.69551,42.4444,46.13991,-8.23%,8.23%
GigaBoomSEConfig-rv64ui-ps-fence_i_200,2,60,31.5,3.72,6.12,41.34,35.22,3.69551,30.8344,34.52991,-16.47%,16.47%
GigaBoomSEConfig-rv64ui-ps-jal_200,2,61,35.1,5.05,6.07,46.22,40.15,3.69551,41.4026,45.09811,-2.43%,2.43%
GigaBoomSEConfig-rv64ui-ps-jalr_200,2,62,36.7,7.23,6.09,50.02,43.93,3.69551,37.2778,40.97331,-18.09%,18.09%
GigaBoomSEConfig-rv64ui-ps-lui_200,2,63,35.7,5.83,6.08,47.61,41.53,3.69551,35.8476,39.54311,-16.94%,16.94%
GigaBoomSEConfig-rv64ui-ps-lw_200,2,64,37.2,8.32,6.12,51.64,45.52,3.69551,42.0463,45.74181,-11.42%,11.42%
GigaBoomSEConfig-rv64ui-ps-ori_200,2,65,37.3,8.29,6.13,51.72,45.59,3.69551,32.9201,36.61561,-29.20%,29.20%
GigaBoomSEConfig-rv64ui-ps-slli_200,2,66,37.1,8.13,6.11,51.34,45.23,3.69551,33.6688,37.36431,-27.22%,27.22%
GigaBoomSEConfig-rv64ui-ps-slt_200,2,67,36.9,8.26,6.11,51.27,45.16,3.69551,34.6457,38.34121,-25.22%,25.22%
GigaBoomSEConfig-rv64ui-ps-sra_200,2,68,37.7,9.06,6.15,52.91,46.76,3.69551,33.664,37.35951,-29.39%,29.39%
GigaBoomSEConfig-rv64ui-ps-sw_200,2,69,37.5,9.04,6.15,52.69,46.54,3.69551,42.395,46.09051,-12.53%,12.53%
GigaBoomSEConfig-rv64ui-ps-xori_200,2,70,37.3,8.3,6.13,51.73,45.6,3.69551,33.5056,37.20111,-28.09%,28.09%
GigaBoomSEConfig-rv64um-ps-mulw_200,2,71,36.7,8.01,6.11,50.82,44.71,3.69551,39.4449,43.14041,-15.11%,15.11%
GigaBoomSEConfig-select.riscv,2,72,29.6,3.56,6.08,39.24,33.16,3.69551,33.3607,37.05621,-5.57%,5.57%
GigaBoomSEConfig-spmv.riscv,2,73,32,5.53,6.12,43.65,37.53,3.69551,33.722,37.41751,-14.28%,14.28%
GigaBoomSEConfig-sqrt.riscv,2,74,31.2,4.62,6.23,42.05,35.82,3.69551,35.6594,39.35491,-6.41%,6.41%
GigaBoomSEConfig-st.riscv,2,75,32.6,5.49,6.21,44.3,38.09,3.69551,25.8011,29.49661,-33.42%,33.42%
GigaBoomSEConfig-tarai.riscv,2,76,29.1,3.21,6.07,38.38,32.31,3.69551,27.2087,30.90421,-19.48%,19.48%
GigaBoomSEConfig-towers.riscv,2,77,33.1,6.06,6.14,45.3,39.16,3.69551,37.2037,40.89921,-9.71%,9.71%
GigaBoomSEConfig-vvadd.riscv,2,78,31.2,4.82,6.11,42.13,36.02,3.69551,27.7671,31.46261,-25.32%,25.32%
GigaBoomSEConfig-whetstone.riscv,2,79,30,4.05,6.17,40.22,34.05,3.69551,38.6786,42.37411,5.36%,5.36%