config-benchmark,GT.Leakage,GT.Dynamic,GT.Total,McPAT-7nm.Leakage,McPAT-7nm.Dynamic,McPAT-7nm.Total,ML.Leakage,ML-Shuffle.Dynamic,ML-Shuffle.Total,ML-Config.Dynamic,ML-Config.Total,ML-Benchmark.Dynamic,ML-Benchmark.Total
GigaBoomConfig-add_fp.riscv,6.7,30.48,37.18,3.89489,44.0961,47.99099,6.767038202477181,31.318180084228516,38.0852182867057,32.77109146118164,39.53812966365882,32.042301177978516,38.8093393804557
GigaBoomConfig-add_fp_large.riscv,6.7,30.48,37.18,3.89489,39.5705,43.46539,6.767038202477181,31.538652420043945,38.305690622521126,32.693565368652344,39.460603571129525,33.53966522216797,40.30670342464515
GigaBoomConfig-add_int.riscv,6.84,39.45,46.29,3.89489,48.8383,52.73319,6.767038202477181,40.321449279785156,47.08848748226234,41.97080612182617,48.73784432430335,37.5389289855957,44.305967188072884
GigaBoomConfig-add_int_large.riscv,6.84,39.42,46.26,3.89489,44.4457,48.34059,6.767038202477181,38.094207763671875,44.861245966149056,40.66318130493164,47.43021950740882,34.40337371826172,41.1704119207389
GigaBoomConfig-adpcm_dec.riscv,6.79,30.93,37.72,3.89489,30.9977,34.89259,6.767038202477181,34.750999450683594,41.518037653160775,35.43781661987305,42.20485482235023,30.406124114990234,37.173162317467416
GigaBoomConfig-adpcm_enc.riscv,6.8,30.33,37.13,3.89489,30.9599,34.85479,6.767038202477181,31.890695571899414,38.657733774376595,34.45401382446289,41.22105202694007,31.592607498168945,38.359645700646126
GigaBoomConfig-basicmath_small.riscv,6.87,37.93,44.8,3.89489,29.4457,33.34059,6.767038202477181,39.415855407714844,46.182893610192025,40.806087493896484,47.573125696373666,37.61473083496094,44.38176903743812
GigaBoomConfig-binarysearch.riscv,6.75,31.72,38.47,3.89489,23.6235,27.51839,6.767038202477181,31.333415985107422,38.1004541875846,34.74076461791992,41.5078028203971,31.923843383789062,38.690881586266244
GigaBoomConfig-bitcount.riscv,6.73,33.53,40.26,3.89489,39.2835,43.17839,6.767038202477181,33.101688385009766,39.86872658748695,36.006492614746094,42.773530817223275,31.423297882080078,38.19033608455726
GigaBoomConfig-bitonic.riscv,6.7,32.51,39.21,3.89489,47.4526,51.34749,6.767038202477181,32.646568298339844,39.413606500817025,34.836402893066406,41.60344109554359,36.57758712768555,43.34462533016273
GigaBoomConfig-branchy.riscv,6.65,28.1,34.75,3.89489,21.2977,25.19259,6.767038202477181,30.53881072998047,37.30584893245765,32.420379638671875,39.187417841149056,32.642127990722656,39.40916619319984
GigaBoomConfig-branchy_large.riscv,6.65,28.1,34.75,3.89489,21.1808,25.07569,6.767038202477181,29.073781967163086,35.84082016964027,30.710052490234375,37.477090692711556,33.68184280395508,40.44888100643226
GigaBoomConfig-bsort.riscv,6.8,46.5,53.3,3.89489,63.502,67.39689,6.767038202477181,46.542049407958984,53.309087610436166,49.832279205322266,56.59931740779945,43.82414245605469,50.59118065853187
GigaBoomConfig-bubblesort.riscv,6.84,43.11,49.95,3.89489,63.7604,67.65529,6.767038202477181,46.1495246887207,52.916562891197884,49.4307746887207,56.197812891197884,47.082279205322266,53.84931740779945
GigaBoomConfig-cnt.riscv,6.7,31.01,37.71,3.89489,27.5109,31.40579,6.767038202477181,33.26388931274414,40.03092751522132,34.2418327331543,41.00887093563148,31.80992889404297,38.57696709652015
GigaBoomConfig-complex_updates.riscv,6.67,28.32,34.99,3.89489,31.9208,35.81569,6.767038202477181,28.587890625,35.35492882747718,31.566701889038086,38.33374009151527,29.014619827270508,35.78165802974769
GigaBoomConfig-compress.riscv,6.67,29.32,35.99,3.89489,41.7046,45.59949,6.767038202477181,31.278043746948242,38.04508194942542,32.3041877746582,39.071225977135384,32.884212493896484,39.651250696373666
GigaBoomConfig-countnegative.riscv,6.73,30.99,37.72,3.89489,33.5233,37.41819,6.767038202477181,32.00838851928711,38.77542672176429,33.742454528808594,40.509492731285775,35.07984161376953,41.84687981624671
GigaBoomConfig-cover.riscv,6.65,28.2,34.85,3.89489,29.6719,33.56679,6.767038202477181,29.168832778930664,35.935870981407845,31.864145278930664,38.631183481407845,29.998516082763672,36.76555428524085
GigaBoomConfig-crc.riscv,6.73,34.64,41.37,3.89489,37.8605,41.75539,6.767038202477181,39.26512908935547,46.03216729183265,39.004783630371094,45.771821832848275,41.83113098144531,48.598169183922494
GigaBoomConfig-dhrystone.riscv,6.8,47.6,54.4,3.89489,58.5363,62.43119,6.767038202477181,44.689918518066406,51.45695672054359,50.264183044433594,57.031221246910775,38.91997146606445,45.687009668541634
GigaBoomConfig-duff.riscv,6.66,28.51,35.17,3.89489,33.3904,37.28529,6.767038202477181,28.835899353027344,35.602937555504525,31.80164909362793,38.56868729610511,29.67717742919922,36.4442156316764
GigaBoomConfig-edn.riscv,6.78,44.21,50.99,3.89489,57.2172,61.11209,6.767038202477181,46.280696868896484,53.047735071373666,46.86264419555664,53.62968239803382,42.525062561035156,49.29210076351234
GigaBoomConfig-expint.riscv,6.76,29.17,35.93,3.89489,22.1978,26.09269,6.767038202477181,30.012561798095703,36.779600000572884,32.99409103393555,39.76112923641273,29.402973175048828,36.17001137752601
GigaBoomConfig-fac.riscv,6.65,28.12,34.77,3.89489,21.6386,25.53349,6.767038202477181,28.98917007446289,35.75620827694007,31.590011596679688,38.35704979915687,28.63599395751953,35.40303215999671
GigaBoomConfig-fft.riscv,6.87,36.42,43.29,3.89489,29.3713,33.26619,6.767038202477181,33.731849670410156,40.49888787288734,37.439186096191406,44.20622429866859,33.231285095214844,39.998323297692025
GigaBoomConfig-fibonacci.riscv,6.7,33.82,40.52,3.89489,45.3477,49.24259,6.767038202477181,41.239383697509766,48.00642189998695,41.25992202758789,48.02696023006507,40.045494079589844,46.812532282067025
GigaBoomConfig-fir2dim.riscv,6.68,30.02,36.7,3.89489,39.5801,43.47499,6.767038202477181,30.150434494018555,36.917472696495736,33.15363693237305,39.92067513485023,28.901071548461914,35.668109750939095
GigaBoomConfig-fmref.riscv,6.92,41.82,48.74,3.89489,32.6827,36.57759,6.767038202477181,40.28530502319336,47.05234322567054,44.863258361816406,51.63029656429359,32.61079788208008,39.37783608455726
GigaBoomConfig-frac.riscv,6.75,32.62,39.37,3.89489,38.1076,42.00249,6.767038202477181,32.52241134643555,39.28944954891273,35.6532096862793,42.42024788875648,31.850738525390625,38.617776727867806
GigaBoomConfig-h264_dec.riscv,6.74,38.6,45.34,3.89489,45.3777,49.27259,6.767038202477181,40.4394645690918,47.20650277156898,41.844940185546875,48.611978388024056,38.732398986816406,45.49943718929359
GigaBoomConfig-hello_world.riscv,6.83,41.05,47.88,3.89489,44.9755,48.87039,6.767038202477181,41.60651779174805,48.37355599422523,44.09529113769531,50.862329340172494,34.69209671020508,41.45913491268226
GigaBoomConfig-hello_world_large.riscv,6.84,41.94,48.78,3.89489,46.541,50.43589,6.767038202477181,42.1771354675293,48.94417367000648,44.29356384277344,51.06060204525062,40.64691925048828,47.41395745296546
GigaBoomConfig-huff_dec.riscv,6.81,43.47,50.28,3.89489,52.0632,55.95809,6.767038202477181,43.41032791137695,50.177366113854134,46.03726577758789,52.80430398006507,41.161705017089844,47.928743219567025
GigaBoomConfig-iir.riscv,6.66,28.6,35.26,3.89489,31.5629,35.45779,6.767038202477181,28.752103805541992,35.51914200801917,32.043052673339844,38.810090875817025,28.073312759399414,34.840350961876595
GigaBoomConfig-insertsort.riscv,6.66,28.49,35.15,3.89489,32.2268,36.12169,6.767038202477181,29.32765769958496,36.09469590206214,31.91586685180664,38.68290505428382,28.6539306640625,35.42096886653968
GigaBoomConfig-jfdctint.riscv,6.67,28.97,35.64,3.89489,26.536,30.43089,6.767038202477181,29.213069915771484,35.980108118248666,32.301536560058594,39.068574762535775,28.963550567626953,35.730588770104134
GigaBoomConfig-levenshtein.riscv,6.78,44.29,51.07,3.89489,54.9121,58.80699,6.767038202477181,45.93001174926758,52.69704995174476,46.829383850097656,53.59642205257484,43.02610397338867,49.79314217586585
GigaBoomConfig-lift.riscv,6.8,52.1,58.9,3.89489,31.7227,35.61759,6.767038202477181,54.17655944824219,60.94359765071937,51.723480224609375,58.490518427086556,35.57612609863281,42.343164301109994
GigaBoomConfig-lms.riscv,6.88,41.22,48.1,3.89489,46.2269,50.12179,6.767038202477181,41.274139404296875,48.041177606774056,44.310523986816406,51.07756218929359,39.368133544921875,46.135171747399056
GigaBoomConfig-ludcmp.riscv,6.66,27.46,34.12,3.89489,30.8656,34.76049,6.767038202477181,28.123302459716797,34.89034066219398,30.092004776000977,36.85904297847816,31.851543426513672,38.61858162899085
GigaBoomConfig-matrix_mult.riscv,6.84,40.79,47.63,3.89489,51.8618,55.75669,6.767038202477181,42.70846939086914,49.47550759334632,44.135318756103516,50.9023569585807,35.681907653808594,42.448945856285775
GigaBoomConfig-median.riscv,6.75,35.94,42.69,3.89489,32.2455,36.14039,6.767038202477181,35.450233459472656,42.21727166194984,38.53936767578125,45.30640587825843,35.82564163208008,42.59267983455726
GigaBoomConfig-mergesort.riscv,6.86,51.8,58.66,3.89489,65.1734,69.06829,6.767038202477181,53.51526641845703,60.28230462093421,55.405879974365234,62.172918176842416,43.489200592041016,50.2562387945182
GigaBoomConfig-minver.riscv,6.67,28.88,35.55,3.89489,30.7582,34.65309,6.767038202477181,28.757047653198242,35.52408585567542,32.337032318115234,39.104070520592416,28.804550170898438,35.57158837337562
GigaBoomConfig-multiply.riscv,6.77,39.76,46.53,3.89489,40.9081,44.80299,6.767038202477181,39.914703369140625,46.681741571617806,40.25392150878906,47.020959711266244,32.75172805786133,39.51876626033851
GigaBoomConfig-ndes.riscv,6.77,37.86,44.63,3.89489,58.2339,62.12879,6.767038202477181,40.60777282714844,47.37481102962562,39.78104782104492,46.5480860235221,47.09453582763672,53.8615740301139
GigaBoomConfig-petrinet.riscv,6.68,30.83,37.51,3.89489,37.1433,41.03819,6.767038202477181,30.64487648010254,37.41191468257972,34.01420211791992,40.7812403203971,33.470767974853516,40.2378061773307
GigaBoomConfig-prime.riscv,6.72,29.95,36.67,3.89489,37.7316,41.62649,6.767038202477181,31.641164779663086,38.40820298214027,32.34599685668945,39.113035059166634,32.05811309814453,38.82515130062171
GigaBoomConfig-qsort.riscv,6.84,41.17,48.01,3.89489,41.379,45.27389,6.767038202477181,34.70120620727539,41.46824440975257,34.84697723388672,41.6140154363639,36.331912994384766,43.09895119686195
GigaBoomConfig-qurt.riscv,6.85,33.16,40.01,3.89489,37.7354,41.63029,6.767038202477181,35.295589447021484,42.062627649498666,36.325435638427734,43.092473840904916,35.95368194580078,42.72072014827796
GigaBoomConfig-recursion.riscv,6.65,28.86,35.51,3.89489,34.7788,38.67369,6.767038202477181,28.935827255249023,35.702865457726205,32.47129821777344,39.23833642025062,29.294939041137695,36.061977243614876
GigaBoomConfig-rsort.riscv,6.79,46.65,53.44,3.89489,53.0058,56.90069,6.767038202477181,46.73394775390625,53.50098595638343,50.969242095947266,57.73628029842445,40.48616027832031,47.253198480797494
GigaBoomConfig-rv64ua-ps-amoadd_d_200,6.72,31.09,37.81,3.89489,24.1721,28.06699,6.767038202477181,33.08232879638672,39.8493669988639,34.37510299682617,41.14214119930335,41.17378616333008,47.94082436580726
GigaBoomConfig-rv64ud-ps-fclass_200,6.71,44.46,51.17,3.89489,45.6166,49.51149,6.767038202477181,43.85869598388672,50.6257341863639,48.588829040527344,55.355867243004525,42.944671630859375,49.711709833336556
GigaBoomConfig-rv64ud-ps-move_200,6.85,52.9,59.75,3.89489,37.9732,41.86809,6.767038202477181,48.04015350341797,54.80719170589515,47.811927795410156,54.57896599788734,42.582305908203125,49.349344110680306
GigaBoomConfig-rv64ud-ps-structural_200,6.73,46.78,53.51,3.89489,46.834,50.72889,6.767038202477181,46.913265228271484,53.680303430748666,48.377113342285156,55.14415154476234,42.6225471496582,49.389585352135384
GigaBoomConfig-rv64ui-ps-add_200,6.71,41.77,48.48,3.89489,33.6879,37.58279,6.767038202477181,43.58584976196289,50.35288796444007,44.75647735595703,51.52351555843421,47.139305114746094,53.906343317223275
GigaBoomConfig-rv64ui-ps-auipc_200,6.69,40.41,47.1,3.89489,42.131,46.02589,6.767038202477181,41.13102340698242,47.8980616094596,43.093040466308594,49.860078668785775,39.02491760253906,45.791955805016244
GigaBoomConfig-rv64ui-ps-bne_200,6.69,41.01,47.7,3.89489,46.4968,50.39169,6.767038202477181,41.65088653564453,48.41792473812171,43.8592414855957,50.626279688072884,41.36096954345703,48.12800774593421
GigaBoomConfig-rv64ui-ps-fence_i_200,6.71,31.8,38.51,3.89489,35.351,39.24589,6.767038202477181,34.15462112426758,40.92165932674476,34.65177536010742,41.4188135625846,38.08045959472656,44.847497797203744
GigaBoomConfig-rv64ui-ps-jal_200,6.65,36.79,43.44,3.89489,45.1926,49.08749,6.767038202477181,38.39845275878906,45.165490961266244,39.97096252441406,46.738000726891244,37.12954330444336,43.89658150692054
GigaBoomConfig-rv64ui-ps-jalr_200,6.68,40.65,47.33,3.89489,40.4133,44.30819,6.767038202477181,40.73709487915039,47.50413308162757,43.77564239501953,50.54268059749671,39.50212860107422,46.2691668035514
GigaBoomConfig-rv64ui-ps-lui_200,6.67,38.21,44.88,3.89489,38.9224,42.81729,6.767038202477181,38.448726654052734,45.215764856529916,41.270538330078125,48.037576532555306,42.07359313964844,48.84063134212562
GigaBoomConfig-rv64ui-ps-lw_200,7.76,38.17,45.93,3.89489,44.8779,48.77279,6.767038202477181,43.7508659362793,50.51790413875648,45.55546951293945,52.322507715416634,44.130924224853516,50.8979624273307
GigaBoomConfig-rv64ui-ps-ori_200,6.72,42.27,48.99,3.89489,35.4381,39.33299,6.767038202477181,42.376922607421875,49.143960809899056,45.24663162231445,52.013669824791634,42.16249084472656,48.929529047203744
GigaBoomConfig-rv64ui-ps-slli_200,6.71,41.88,48.59,3.89489,36.3732,40.26809,6.767038202477181,41.54926681518555,48.31630501766273,44.852813720703125,51.619851923180306,41.08085632324219,47.84789452571937
GigaBoomConfig-rv64ui-ps-slt_200,6.7,41.67,48.37,3.89489,37.4639,41.35879,6.767038202477181,41.62641143798828,48.39344964046546,44.67741394042969,51.44445214290687,43.64793395996094,50.41497216243812
GigaBoomConfig-rv64ui-ps-sra_200,6.75,43.4,50.15,3.89489,36.2667,40.16159,6.767038202477181,43.66999816894531,50.437036371422494,46.13983917236328,52.90687737484046,41.078914642333984,47.845952844811166
GigaBoomConfig-rv64ui-ps-sw_200,6.75,43.54,50.29,3.89489,45.1009,48.99579,6.767038202477181,40.7605094909668,47.52754769344398,46.78827667236328,53.55531487484046,41.85315704345703,48.62019524593421
GigaBoomConfig-rv64ui-ps-xori_200,6.72,42.27,48.99,3.89489,36.0305,39.92539,6.767038202477181,43.03513717651367,49.80217537899085,45.25469970703125,52.02173790950843,41.41123580932617,48.17827401180335
GigaBoomConfig-rv64um-ps-mulw_200,6.7,41.3,48.0,3.89489,42.7051,46.59999,6.767038202477181,43.333553314208984,50.100591516686166,44.44016647338867,51.20720467586585,44.646507263183594,51.413545465660775
GigaBoomConfig-select.riscv,6.67,29.68,36.35,3.89489,35.1076,39.00249,6.767038202477181,30.071727752685547,36.83876595516273,32.903541564941406,39.67057976741859,28.54677963256836,35.31381783504554
GigaBoomConfig-spmv.riscv,6.72,34.7,41.42,3.89489,36.6717,40.56659,6.767038202477181,33.064178466796875,39.831216669274056,33.29277801513672,40.0598162176139,35.99425506591797,42.76129326839515
GigaBoomConfig-sqrt.riscv,6.86,33.14,40.0,3.89489,38.1302,42.02509,6.767038202477181,33.65541458129883,40.42245278377601,36.16374206542969,42.93078026790687,35.7910270690918,42.55806527156898
GigaBoomConfig-st.riscv,6.83,34.95,41.78,3.89489,27.1374,31.03229,6.767038202477181,34.41178512573242,41.1788233282096,37.854400634765625,44.621438837242806,35.562217712402344,42.329255914879525
GigaBoomConfig-tarai.riscv,6.66,28.8,35.46,3.89489,28.4746,32.36949,6.767038202477181,28.83582878112793,35.60286698360511,32.23029327392578,38.99733147640296,28.175323486328125,34.942361688805306
GigaBoomConfig-towers.riscv,6.74,36.2,42.94,3.89489,38.8749,42.76979,6.767038202477181,36.82887268066406,43.595910883141244,39.017425537109375,45.784463739586556,32.55714797973633,39.32418618221351
GigaBoomConfig-vvadd.riscv,6.71,32.81,39.52,3.89489,29.8095,33.70439,6.767038202477181,32.29161834716797,39.05865654964515,34.62858963012695,41.395627832604134,31.74010467529297,38.50714287777015
GigaBoomConfig-whetstone.riscv,6.78,30.65,37.43,3.89489,41.1844,45.07929,6.767038202477181,32.27510070800781,39.042138910484994,33.96330642700195,40.730344629479134,35.987693786621094,42.754731989098275
GigaBoomProConfig-add_fp.riscv,7.37,32.46,39.83,4.07468,45.6678,49.74248,7.0904743089176865,33.62067413330078,40.711148442218466,34.17713165283203,41.267605961749716,34.40568542480469,41.49615973372237
GigaBoomProConfig-add_fp_large.riscv,7.37,32.47,39.84,4.07468,40.9419,45.01658,7.0904743089176865,33.945762634277344,41.03623694319503,31.160242080688477,38.25071638960616,36.19416427612305,43.28463858504073
GigaBoomProConfig-add_int.riscv,7.52,42.15,49.67,4.07468,50.7323,54.80698,7.0904743089176865,41.7175178527832,48.80799216170089,39.439117431640625,46.52959174055831,40.049747467041016,47.1402217759587
GigaBoomProConfig-add_int_large.riscv,7.52,42.12,49.64,4.07468,45.8867,49.96138,7.0904743089176865,39.493106842041016,46.5835811509587,39.4184684753418,46.50894278425948,36.774818420410156,43.86529272932784
GigaBoomProConfig-adpcm_dec.riscv,7.52,35.19,42.71,4.07468,31.269,35.34368,7.0904743089176865,34.12495803833008,41.21543234724776,32.65883255004883,39.74930685896651,31.575223922729492,38.66569823164718
GigaBoomProConfig-adpcm_enc.riscv,7.52,34.09,41.61,4.07468,31.2438,35.31848,7.0904743089176865,32.753517150878906,39.84399145979659,30.507457733154297,37.59793204207198,32.99840545654297,40.08887976546065
GigaBoomProConfig-basicmath_small.riscv,7.54,40.39,47.93,4.07468,29.263,33.33768,7.0904743089176865,40.02123260498047,47.11170691389815,39.386390686035156,46.47686499495284,39.50840377807617,46.59887808699386
GigaBoomProConfig-binarysearch.riscv,7.43,33.97,41.4,4.07468,24.1007,28.17538,7.0904743089176865,32.3583869934082,39.44886130232589,31.719100952148438,38.80957526106612,33.96043395996094,41.05090826887862
GigaBoomProConfig-bitcount.riscv,7.41,35.69,43.1,4.07468,39.993,44.06768,7.0904743089176865,34.517417907714844,41.60789221663253,33.52812957763672,40.6186038865544,32.612632751464844,39.70310706038253
GigaBoomProConfig-bitonic.riscv,7.37,34.63,42.0,4.07468,48.1912,52.26588,7.0904743089176865,33.8463134765625,40.936787785480185,32.56719970703125,39.657674015948935,38.55989456176758,45.65036887068526
GigaBoomProConfig-branchy.riscv,7.32,30.01,37.33,4.07468,21.8643,25.93898,7.0904743089176865,31.72719383239746,38.817668141315146,28.648391723632812,35.7388660325505,33.397071838378906,40.48754614729659
GigaBoomProConfig-branchy_large.riscv,7.32,30.01,37.33,4.07468,21.9112,25.98588,7.0904743089176865,30.35304832458496,37.443522633502646,28.09998893737793,35.190463246295614,35.52750015258789,42.617974461505575
GigaBoomProConfig-bsort.riscv,7.47,49.6,57.07,4.07468,64.4692,68.54388,7.0904743089176865,47.32970428466797,54.42017859358565,45.801353454589844,52.89182776350753,46.756874084472656,53.84734839339034
GigaBoomProConfig-bubblesort.riscv,7.54,46.77,54.31,4.07468,64.7374,68.81208,7.0904743089176865,47.45412063598633,54.54459494490401,43.018829345703125,50.10930365462081,49.97330856323242,57.06378287215011
GigaBoomProConfig-cnt.riscv,7.38,32.97,40.35,4.07468,28.1288,32.20348,7.0904743089176865,34.70320129394531,41.793675602863,31.427717208862305,38.51819151777999,33.2226676940918,40.31314200300948
GigaBoomProConfig-complex_updates.riscv,7.34,30.24,37.58,4.07468,32.3084,36.38308,7.0904743089176865,30.224863052368164,37.31533736128585,28.319284439086914,35.4097587480046,30.510150909423828,37.60062521834151
GigaBoomProConfig-compress.riscv,7.34,31.28,38.62,4.07468,43.9403,48.01498,7.0904743089176865,31.012245178222656,38.10271948714034,30.17348861694336,37.263962925861044,34.22382354736328,41.314297856280966
GigaBoomProConfig-countnegative.riscv,7.4,33.25,40.65,4.07468,34.3312,38.40588,7.0904743089176865,33.80631637573242,40.89679068465011,31.14052963256836,38.231003941486044,36.66579818725586,43.756272496173544
GigaBoomProConfig-cover.riscv,7.32,30.02,37.34,4.07468,30.6489,34.72358,7.0904743089176865,30.193614959716797,37.28408926863448,28.219993591308594,35.31046790022628,30.933853149414062,38.02432745833175
GigaBoomProConfig-crc.riscv,7.42,38.47,45.89,4.07468,38.4648,42.53948,7.0904743089176865,38.56193161010742,45.65240591902511,34.7455940246582,41.83606833357589,44.10832595825195,51.19880026716964
GigaBoomProConfig-dhrystone.riscv,7.48,50.6,58.08,4.07468,58.9237,62.99838,7.0904743089176865,46.13180923461914,53.222283543536825,41.953182220458984,49.04365652937667,40.290565490722656,47.38103979964034
GigaBoomProConfig-duff.riscv,7.33,30.43,37.76,4.07468,33.9091,37.98378,7.0904743089176865,30.381101608276367,37.47157591719405,28.767946243286133,35.85842055220382,31.508621215820312,38.599095524738
GigaBoomProConfig-edn.riscv,7.46,46.86,54.32,4.07468,56.9995,61.07418,7.0904743089176865,48.170623779296875,55.26109808821456,45.352603912353516,52.4430782212712,44.62982177734375,51.720296086261435
GigaBoomProConfig-expint.riscv,7.44,31.2,38.64,4.07468,22.6452,26.71988,7.0904743089176865,30.645095825195312,37.735570134113,29.159997940063477,36.25047224898116,30.872997283935547,37.96347159285323
GigaBoomProConfig-fac.riscv,7.32,30.03,37.35,4.07468,22.0549,26.12958,7.0904743089176865,29.769990921020508,36.86046522993819,28.142513275146484,35.23298758406417,30.52943229675293,37.619906605670614
GigaBoomProConfig-fft.riscv,7.55,38.97,46.52,4.07468,29.7613,33.83598,7.0904743089176865,37.382537841796875,44.47301215071456,35.57080078125,42.661275090167685,35.048038482666016,42.1385127915837
GigaBoomProConfig-fibonacci.riscv,7.41,40.61,48.02,4.07468,46.3552,50.42988,7.0904743089176865,39.88145065307617,46.97192496199386,33.92911911010742,41.01959341902511,43.12005615234375,50.210530461261435
GigaBoomProConfig-fir2dim.riscv,7.35,31.99,39.34,4.07468,40.2955,44.37018,7.0904743089176865,32.23370361328125,39.324177922198935,29.93612289428711,37.026597203204794,31.195301055908203,38.28577536482589
GigaBoomProConfig-fmref.riscv,7.6,45.07,52.67,4.07468,33.1095,37.18418,7.0904743089176865,43.164730072021484,50.25520438093917,41.81309127807617,48.90356558699386,35.38460922241211,42.475083531329794
GigaBoomProConfig-frac.riscv,7.42,34.98,42.4,4.07468,37.7159,41.79058,7.0904743089176865,33.581298828125,40.671773137042685,32.6025390625,39.693013371417685,32.67326736450195,39.76374167341964
GigaBoomProConfig-h264_dec.riscv,7.42,41.41,48.83,4.07468,46.1936,50.26828,7.0904743089176865,40.36296844482422,47.4534427537419,38.60710525512695,45.69757956404464,40.55768585205078,47.648160160968466
GigaBoomProConfig-hello_world.riscv,7.52,44.77,52.29,4.07468,47.057,51.13168,7.0904743089176865,42.6746940612793,49.76516837019698,41.05418014526367,48.14465445418136,37.368446350097656,44.45892065901534
GigaBoomProConfig-hello_world_large.riscv,7.51,43.87,51.38,4.07468,48.7141,52.78878,7.0904743089176865,44.49152755737305,51.58200186629073,41.942657470703125,49.03313177962081,42.317657470703125,49.40813177962081
GigaBoomProConfig-huff_dec.riscv,7.48,46.06,53.54,4.07468,53.4427,57.51738,7.0904743089176865,45.45765686035156,52.54813116926925,43.47029495239258,50.56076926131026,44.082130432128906,51.17260474104659
GigaBoomProConfig-iir.riscv,7.33,30.43,37.76,4.07468,32.1415,36.21618,7.0904743089176865,30.466100692749023,37.55657500166671,28.619882583618164,35.71035689253585,29.987546920776367,37.07802122969405
GigaBoomProConfig-insertsort.riscv,7.33,30.39,37.72,4.07468,32.3342,36.40888,7.0904743089176865,30.778596878051758,37.86907118696944,28.491558074951172,35.58203238386886,30.394899368286133,37.48537367720382
GigaBoomProConfig-jfdctint.riscv,7.34,30.9,38.24,4.07468,26.6583,30.73298,7.0904743089176865,30.813085556030273,37.90355986494796,28.9207706451416,36.011244954059286,31.514610290527344,38.60508459944503
GigaBoomProConfig-levenshtein.riscv,7.46,46.96,54.42,4.07468,55.4851,59.55978,7.0904743089176865,47.234500885009766,54.32497519392745,45.27119827270508,52.36167258162276,45.73643493652344,52.82690924544112
GigaBoomProConfig-lift.riscv,7.47,55.3,62.77,4.07468,32.1482,36.22288,7.0904743089176865,52.431766510009766,59.52224081892745,52.1007194519043,59.19119376082198,37.3408203125,44.431294621417685
GigaBoomProConfig-lms.riscv,7.56,44.39,51.95,4.07468,46.8166,50.89128,7.0904743089176865,42.51076126098633,49.60123556990401,40.79393768310547,47.88441199202315,41.84731674194336,48.937791050861044
GigaBoomProConfig-ludcmp.riscv,7.32,29.38,36.7,4.07468,31.6542,35.72888,7.0904743089176865,29.17190933227539,36.262383641193075,27.458999633789062,34.54947394270675,33.75310134887695,40.84357565779464
GigaBoomProConfig-matrix_mult.riscv,7.52,43.68,51.2,4.07468,53.7226,57.79728,7.0904743089176865,42.75311279296875,49.843587101886435,40.825782775878906,47.91625708479659,38.80879211425781,45.8992664231755
GigaBoomProConfig-median.riscv,7.42,38.23,45.65,4.07468,32.4228,36.49748,7.0904743089176865,37.62557601928711,44.716050328204794,35.9660758972168,43.05655020613448,36.71451187133789,43.804986180255575
GigaBoomProConfig-mergesort.riscv,7.54,55.2,62.74,4.07468,65.5293,69.60398,7.0904743089176865,52.39079666137695,59.48127097029464,51.909324645996094,58.99979895491378,46.487789154052734,53.57826346297042
GigaBoomProConfig-minver.riscv,7.34,30.7,38.04,4.07468,31.2841,35.35878,7.0904743089176865,30.86996078491211,37.960435093829794,28.958576202392578,36.04905051131026,30.718780517578125,37.80925482649581
GigaBoomProConfig-multiply.riscv,7.45,42.08,49.53,4.07468,41.3947,45.46938,7.0904743089176865,41.03041458129883,48.12088889021651,39.64212417602539,46.732598484943075,36.390830993652344,43.48130530257003
GigaBoomProConfig-ndes.riscv,7.44,40.2,47.64,4.07468,59.1272,63.20188,7.0904743089176865,40.86724853515625,47.957722844073935,37.851558685302734,44.94203299422042,49.36140823364258,56.45188254256026
GigaBoomProConfig-petrinet.riscv,7.35,32.93,40.28,4.07468,38.7904,42.86508,7.0904743089176865,31.784469604492188,38.87494391340987,30.83328628540039,37.923760594318075,34.80146789550781,41.8919422044255
GigaBoomProConfig-prime.riscv,7.39,31.93,39.32,4.07468,38.3996,42.47428,7.0904743089176865,32.89613723754883,39.98661154646651,30.365385055541992,37.45585936445968,33.29988098144531,40.390355290363
GigaBoomProConfig-qsort.riscv,7.55,34.53,42.08,4.07468,41.9207,45.99538,7.0904743089176865,42.01367950439453,49.104153813312216,39.97970962524414,47.070183934161825,37.3182373046875,44.408711613605185
GigaBoomProConfig-qurt.riscv,7.55,36.15,43.7,4.07468,38.1688,42.24348,7.0904743089176865,35.40273666381836,42.493210972736044,33.15507507324219,40.24554938215987,37.72603988647461,44.816514195392294
GigaBoomProConfig-recursion.riscv,7.33,31.08,38.41,4.07468,35.7948,39.86948,7.0904743089176865,31.662982940673828,38.75345724959151,29.067337036132812,36.1578113450505,31.416826248168945,38.50730055708663
GigaBoomProConfig-rsort.riscv,7.49,52.6,60.09,4.07468,52.1765,56.25118,7.0904743089176865,46.889503479003906,53.97997778792159,45.625885009765625,52.71635931868331,43.98311233520508,51.07358664412276
GigaBoomProConfig-rv64ua-ps-amoadd_d_200,7.39,33.28,40.67,4.07468,25.0578,29.13248,7.0904743089176865,34.155216217041016,41.2456905259587,31.13518714904785,38.225661457965536,43.569549560546875,50.66002386946456
GigaBoomProConfig-rv64ud-ps-fclass_200,7.38,47.17,54.55,4.07468,47.4335,51.50818,7.0904743089176865,47.06427764892578,54.154751957843466,45.49092102050781,52.5813953294255,47.2288818359375,54.319356144855185
GigaBoomProConfig-rv64ud-ps-move_200,7.52,56.3,63.82,4.07468,38.8158,42.89048,7.0904743089176865,47.413597106933594,54.50407141585128,44.764198303222656,51.85467261214034,45.69437789916992,52.78485220808761
GigaBoomProConfig-rv64ud-ps-structural_200,7.4,50.2,57.6,4.07468,49.3117,53.38638,7.0904743089176865,48.67098617553711,55.761460484454794,48.10528564453125,55.195759953448935,44.4136848449707,51.50415915388839
GigaBoomProConfig-rv64ui-ps-and_200,7.38,44.16,51.54,4.07468,34.8749,38.94958,7.0904743089176865,44.90794372558594,51.99841803450362,41.86393356323242,48.95440787215011,49.95405197143555,57.04452628035323
GigaBoomProConfig-rv64ui-ps-auipc_200,7.36,42.87,50.23,4.07468,44.9411,49.01578,7.0904743089176865,43.20745849609375,50.297932805011435,40.412696838378906,47.50317114729659,41.541107177734375,48.63158148665206
GigaBoomProConfig-rv64ui-ps-bne_200,7.36,43.37,50.73,4.07468,49.4272,53.50188,7.0904743089176865,43.022117614746094,50.11259192366378,40.726776123046875,47.81725043196456,44.374263763427734,51.46473807234542
GigaBoomProConfig-rv64ui-ps-fence_i_200,7.38,33.88,41.26,4.07468,37.9316,42.00628,7.0904743089176865,37.70726013183594,44.79773444075362,31.79722023010254,38.887694539020224,40.610198974609375,47.70067328352706
GigaBoomProConfig-rv64ui-ps-jal_200,7.32,39.09,46.41,4.07468,48.3476,52.42228,7.0904743089176865,39.19528579711914,46.285760106036825,36.78998947143555,43.88046378035323,38.547489166259766,45.63796347517745
GigaBoomProConfig-rv64ui-ps-jalr_200,7.35,43.1,50.45,4.07468,42.6971,46.77178,7.0904743089176865,42.23660659790039,49.327080906818075,40.6361198425293,47.72659415144698,40.96738815307617,48.05786246199386
GigaBoomProConfig-rv64ui-ps-lui_200,7.33,40.51,47.84,4.07468,41.0466,45.12128,7.0904743089176865,40.982749938964844,48.07322424788253,39.86460876464844,46.95508307356612,44.499691009521484,51.59016531843917
GigaBoomProConfig-rv64ui-ps-lw_200,7.39,45.07,52.46,4.07468,46.6499,50.72458,7.0904743089176865,44.35215377807617,51.44262808699386,38.683841705322266,45.77431601423995,46.29638671875,53.386861027667685
GigaBoomProConfig-rv64ui-ps-ori_200,7.39,44.76,52.15,4.07468,36.9743,41.04898,7.0904743089176865,44.76810836791992,51.85858267683761,42.26976776123047,49.36024207014815,44.66300964355469,51.75348395247237
GigaBoomProConfig-rv64ui-ps-slli_200,7.37,44.38,51.75,4.07468,38.0112,42.08588,7.0904743089176865,44.666259765625,51.756734074542685,41.84628677368164,48.936761082599325,44.45922088623047,51.54969519514815
GigaBoomProConfig-rv64ui-ps-slt_200,7.37,44.18,51.55,4.07468,39.0854,43.16008,7.0904743089176865,44.62976837158203,51.720242680499716,42.25105667114258,49.34153098006026,46.0956916809082,53.18616598982589
GigaBoomProConfig-rv64ui-ps-sra_200,7.41,45.93,53.34,4.07468,37.8036,41.87828,7.0904743089176865,45.0592041015625,52.149678410480185,43.25777816772461,50.348252476642294,44.101463317871094,51.19193762678878
GigaBoomProConfig-rv64ui-ps-sw_200,7.42,46.44,53.86,4.07468,46.6709,50.74558,7.0904743089176865,47.27338409423828,54.363858403155966,44.877933502197266,51.96840781111495,45.123348236083984,52.21382254500167
GigaBoomProConfig-rv64ui-ps-xori_200,7.39,44.77,52.16,4.07468,37.5811,41.65578,7.0904743089176865,44.6262092590332,51.71668356795089,42.274959564208984,49.36543387312667,44.27737045288086,51.367844761798544
GigaBoomProConfig-rv64um-ps-mulw_200,7.37,43.8,51.17,4.07468,44.586,48.66068,7.0904743089176865,44.888065338134766,51.97853964705245,41.315818786621094,48.40629309553878,47.31338119506836,54.403855503986044
GigaBoomProConfig-select.riscv,7.34,31.62,38.96,4.07468,35.3159,39.39058,7.0904743089176865,31.203170776367188,38.29364508528487,29.601566314697266,36.69204062361495,30.841144561767578,37.93161887068526
GigaBoomProConfig-spmv.riscv,7.36,33.03,40.39,4.07468,36.7385,40.81318,7.0904743089176865,36.270599365234375,43.36107367415206,34.68876647949219,41.77924078840987,38.242340087890625,45.33281439680831
GigaBoomProConfig-sqrt.riscv,7.54,35.28,42.82,4.07468,38.9527,43.02738,7.0904743089176865,35.44655227661133,42.53702658552901,33.140541076660156,40.23101538557784,37.38732147216797,44.47779578108565
GigaBoomProConfig-st.riscv,7.5,37.27,44.77,4.07468,27.7091,31.78378,7.0904743089176865,36.30437088012695,43.39484518904464,35.015201568603516,42.1056758775212,37.262855529785156,44.35332983870284
GigaBoomProConfig-tarai.riscv,7.33,30.74,38.07,4.07468,29.0599,33.13458,7.0904743089176865,30.214458465576172,37.30493277449386,28.862661361694336,35.95313567061202,28.906383514404297,35.99685782332198
GigaBoomProConfig-towers.riscv,7.41,38.65,46.06,4.07468,39.6498,43.72448,7.0904743089176865,35.51344680786133,42.60392111677901,36.19902420043945,43.28949850935714,34.03860092163086,41.129075230548544
GigaBoomProConfig-vvadd.riscv,7.38,34.94,42.32,4.07468,30.5819,34.65658,7.0904743089176865,32.837581634521484,39.92805594343917,32.38673782348633,39.47721213240401,32.48456954956055,39.57504385847823
GigaBoomProConfig-whetstone.riscv,7.45,32.72,40.17,4.07468,42.2398,46.31448,7.0904743089176865,32.18614196777344,39.27661627669112,30.488283157348633,37.57875746626632,38.79811477661133,45.88858908552901
GigaBoomSEConfig-add_fp.riscv,6.1,33.65,39.75,3.69551,41.12,44.81551,6.4150218753001464,34.199703216552734,40.61472509185288,30.353736877441406,36.768758752741554,35.134666442871094,41.54968831817124
GigaBoomSEConfig-add_fp_large.riscv,6.1,33.66,39.76,3.69551,37.0737,40.76921,6.4150218753001464,34.040069580078125,40.45509145537827,30.731250762939453,37.1462726382396,36.18932342529297,42.60434530059312
GigaBoomSEConfig-add_int.riscv,6.21,42.13,48.34,3.69551,43.6573,47.35281,6.4150218753001464,42.183753967285156,48.598775842585304,39.09989929199219,45.514921167292336,39.48503494262695,45.9000568179271
GigaBoomSEConfig-add_int_large.riscv,6.18,38.82,45.0,3.69551,40.4214,44.11691,6.4150218753001464,38.273902893066406,44.688924768366554,37.08658981323242,43.50161168853257,39.57918930053711,45.99421117583726
GigaBoomSEConfig-adpcm_dec.riscv,6.23,36.22,42.45,3.69551,29.1589,32.85441,6.4150218753001464,36.045753479003906,42.460775354304054,32.83412170410156,39.24914357940171,33.147674560546875,39.56269643584702
GigaBoomSEConfig-adpcm_enc.riscv,6.23,36.22,42.45,3.69551,29.1331,32.82861,6.4150218753001464,33.852699279785156,40.267721155085304,32.372169494628906,38.787191369929054,34.005149841308594,40.42017171660874
GigaBoomSEConfig-basicmath_small.riscv,6.24,40.76,47.0,3.69551,27.6329,31.32841,6.4150218753001464,40.733028411865234,47.14805028716538,38.02582550048828,44.44084737578843,39.60898208618164,46.02400396148179
GigaBoomSEConfig-binarysearch.riscv,6.15,35.07,41.22,3.69551,22.3907,26.08621,6.4150218753001464,35.25906753540039,41.67408941070054,31.044137954711914,37.45915983001206,34.513431549072266,40.928453424372414
GigaBoomSEConfig-bitcount.riscv,6.13,36.66,42.79,3.69551,36.9873,40.68281,6.4150218753001464,35.94630432128906,42.36132619658921,30.924219131469727,37.339241006769875,34.557655334472656,40.972677209772804
GigaBoomSEConfig-bitonic.riscv,6.1,35.87,41.97,3.69551,44.6382,48.33371,6.4150218753001464,35.640708923339844,42.05573079863999,32.54060363769531,38.95562551299546,39.91606903076172,46.33109090606187
GigaBoomSEConfig-branchy.riscv,6.06,31.72,37.78,3.69551,19.9761,23.67161,6.4150218753001464,30.691465377807617,37.106487253107765,28.139617919921875,34.55463979522202,34.391998291015625,40.80702016631577
GigaBoomSEConfig-branchy_large.riscv,6.06,31.72,37.78,3.69551,19.9486,23.64411,6.4150218753001464,31.470619201660156,37.885641076960304,27.747962951660156,34.162984826960304,35.59739685058594,42.012418725886086
GigaBoomSEConfig-bsort.riscv,6.18,46.69,52.87,3.69551,60.6248,64.32031,6.4150218753001464,45.691810607910156,52.106832483210304,46.36922073364258,52.784242608942726,44.40456771850586,50.81958959380601
GigaBoomSEConfig-bubblesort.riscv,6.21,43.74,49.95,3.69551,60.9266,64.62211,6.4150218753001464,47.466285705566406,53.881307580866554,43.99996566772461,50.41498754302476,47.146705627441406,53.561727502741554
GigaBoomSEConfig-cnt.riscv,6.11,34.5,40.61,3.69551,26.006,29.70151,6.4150218753001464,33.842594146728516,40.257616022028664,31.342565536499023,37.75758741179917,34.875003814697266,41.290025689997414
GigaBoomSEConfig-complex_updates.riscv,6.08,31.82,37.9,3.69551,30.4375,34.13301,6.4150218753001464,32.00709915161133,38.422121026911476,28.40692710876465,34.8219489840648,32.20756912231445,38.6225909976146
GigaBoomSEConfig-compress.riscv,6.08,32.77,38.85,3.69551,39.5416,43.23711,6.4150218753001464,33.34242248535156,39.75744436065171,28.86958122253418,35.28460309783433,35.0435905456543,41.458612420954445
GigaBoomSEConfig-countnegative.riscv,6.13,34.41,40.54,3.69551,31.4911,35.18661,6.4150218753001464,35.30939483642578,41.72441671172593,31.72768211364746,38.14270398894761,37.855323791503906,44.270345666804054
GigaBoomSEConfig-cover.riscv,6.07,31.72,37.79,3.69551,28.121,31.81651,6.4150218753001464,31.28481674194336,37.69983861724351,28.402652740478516,34.817674615778664,32.912818908691406,39.327840783991554
GigaBoomSEConfig-crc.riscv,6.14,39.65,45.79,3.69551,35.6984,39.39391,6.4150218753001464,41.519561767578125,47.93458364287827,35.320831298828125,41.73585317412827,43.957664489746094,50.37268636504624
GigaBoomSEConfig-dhrystone.riscv,6.15,43.09,49.24,3.69551,54.4993,58.19481,6.4150218753001464,45.8941764831543,52.309198358454445,45.93776321411133,52.352785089411476,40.30125427246094,46.716276147761086
GigaBoomSEConfig-duff.riscv,6.07,32.11,38.18,3.69551,31.9276,35.62311,6.4150218753001464,32.022708892822266,38.437730768122414,28.330432891845703,34.74545476714585,33.13907241821289,39.55409429351304
GigaBoomSEConfig-edn.riscv,6.18,46.85,53.03,3.69551,53.8038,57.49931,6.4150218753001464,46.24108123779297,52.65610311309312,44.79399871826172,51.20902059356187,43.82993698120117,50.24495885650132
GigaBoomSEConfig-expint.riscv,6.16,32.47,38.63,3.69551,21.1533,24.84881,6.4150218753001464,31.616308212280273,38.03133008758042,28.81437873840332,35.22940061370347,32.82396697998047,39.23898885528062
GigaBoomSEConfig-fac.riscv,6.06,31.73,37.79,3.69551,20.576,24.27151,6.4150218753001464,31.416189193725586,37.831211069025734,28.08509635925293,34.50011823455308,31.345943450927734,37.76096532622788
GigaBoomSEConfig-fft.riscv,6.17,35.27,41.44,3.69551,27.8104,31.50591,6.4150218753001464,38.09033203125,44.50535390655015,37.3455924987793,43.760614374079445,37.23207473754883,43.647096612848976
GigaBoomSEConfig-fibonacci.riscv,6.13,41.18,47.31,3.69551,43.0508,46.74631,6.4150218753001464,39.776466369628906,46.191488244929054,34.34478759765625,40.7598094729564,43.015953063964844,49.43097493926499
GigaBoomSEConfig-fir2dim.riscv,6.09,33.38,39.47,3.69551,37.7315,41.42701,6.4150218753001464,32.45853042602539,38.87355230132554,30.018930435180664,36.43395231048081,31.958433151245117,38.373455026545265
GigaBoomSEConfig-fmref.riscv,6.3,43.87,50.17,3.69551,31.0877,34.78321,6.4150218753001464,44.05320739746094,50.468229272761086,41.86320114135742,48.27822301665757,34.4127311706543,40.827753045954445
GigaBoomSEConfig-frac.riscv,6.14,35.89,42.03,3.69551,35.4397,39.13521,6.4150218753001464,33.8682975769043,40.283319452204445,31.311655044555664,37.72667691985581,34.184593200683594,40.59961507598374
GigaBoomSEConfig-h264_dec.riscv,6.14,41.82,47.96,3.69551,43.0836,46.77911,6.4150218753001464,40.86727523803711,47.28229711333726,37.887855529785156,44.302877405085304,40.75288772583008,47.167909601130226
GigaBoomSEConfig-hello_world.riscv,6.2,43.6,49.8,3.69551,41.8903,45.58581,6.4150218753001464,42.729644775390625,49.14466665069077,40.45985412597656,46.87487600127671,38.9581184387207,45.37314031402085
GigaBoomSEConfig-hello_world_large.riscv,6.2,44.38,50.58,3.69551,43.3272,47.02271,6.4150218753001464,43.82926940917969,50.244291284479836,40.72477340698242,47.13979528228257,42.339542388916016,48.754564264216164
GigaBoomSEConfig-huff_dec.riscv,6.18,46.33,52.51,3.69551,49.2828,52.97831,6.4150218753001464,45.133182525634766,51.548204400934914,43.917213439941406,50.332235315241554,44.572105407714844,50.98712728301499
GigaBoomSEConfig-iir.riscv,6.07,32.1,38.17,3.69551,30.1669,33.86241,6.4150218753001464,32.1489143371582,38.56393621245835,28.533445358276367,34.948467233576515,31.630970001220703,38.04599187652085
GigaBoomSEConfig-insertsort.riscv,6.07,31.98,38.05,3.69551,30.5442,34.23971,6.4150218753001464,31.946613311767578,38.361635187067726,28.5245361328125,34.93955800811265,31.943952560424805,38.35897443572495
GigaBoomSEConfig-jfdctint.riscv,6.08,32.47,38.55,3.69551,25.499,29.19451,6.4150218753001464,32.9428825378418,39.357904413141945,28.608184814453125,35.02320668975327,32.55287551879883,38.967897394098976
GigaBoomSEConfig-levenshtein.riscv,6.17,47.42,53.59,3.69551,51.7036,55.39911,6.4150218753001464,45.66764831542969,52.082670190729836,45.26975631713867,51.68477819243882,45.58988952636719,52.004911401667336
GigaBoomSEConfig-lift.riscv,6.18,54.9,61.08,3.69551,30.1441,33.83961,6.4150218753001464,44.42088317871094,50.835905054011086,52.10636901855469,58.521390893854836,38.65766525268555,45.072687127985695
GigaBoomSEConfig-lms.riscv,6.25,43.57,49.82,3.69551,43.6754,47.37091,6.4150218753001464,41.90867233276367,48.32369420806382,40.770225524902344,47.18524740020249,41.20577621459961,47.62079808989976
GigaBoomSEConfig-ludcmp.riscv,6.07,31.08,37.15,3.69551,27.8425,31.53801,6.4150218753001464,32.242958068847656,38.657979944147804,28.856447219848633,35.27146909514878,34.80018615722656,41.21520803252671
GigaBoomSEConfig-matrix_mult.riscv,6.2,42.97,49.17,3.69551,45.9406,49.63611,6.4150218753001464,39.8481559753418,46.263177850641945,37.17080307006836,43.58582494536851,39.241703033447266,45.656724908747414
GigaBoomSEConfig-median.riscv,6.14,38.69,44.83,3.69551,30.4722,34.16771,6.4150218753001464,38.1864128112793,44.601434686579445,36.685752868652344,43.10077474395249,37.92123031616211,44.33625219146226
GigaBoomSEConfig-mergesort.riscv,6.23,53.5,59.73,3.69551,61.22,64.91551,6.4150218753001464,50.61615753173828,57.03117940703843,49.99578094482422,56.41080282012437,44.364505767822266,50.779527643122414
GigaBoomSEConfig-minver.riscv,6.08,32.37,38.45,3.69551,29.3868,33.08231,6.4150218753001464,32.04572677612305,38.460748651423195,28.844690322875977,35.259712198176125,32.12085723876953,38.53587911406968
GigaBoomSEConfig-multiply.riscv,6.16,42.96,49.12,3.69551,38.3684,42.06391,6.4150218753001464,41.00550842285156,47.42053029815171,38.33979415893555,44.754816034235695,38.268104553222656,44.683126428522804
GigaBoomSEConfig-ndes.riscv,6.16,40.71,46.87,3.69551,55.3213,59.01681,6.4150218753001464,42.72919845581055,49.144220331110695,38.76456069946289,45.17958257476304,46.66325759887695,53.0782794741771
GigaBoomSEConfig-petrinet.riscv,6.09,34.22,40.31,3.69551,34.7983,38.49381,6.4150218753001464,33.99171447753906,40.40673635283921,30.4647216796875,36.87974355498765,35.796627044677734,42.21164891997788
GigaBoomSEConfig-prime.riscv,6.12,33.28,39.4,3.69551,35.4252,39.12071,6.4150218753001464,32.7700309753418,39.185052850641945,29.619747161865234,36.03476903716538,35.59086227416992,42.00588414947007
GigaBoomSEConfig-qsort.riscv,6.22,44.39,50.61,3.69551,37.9987,41.69421,6.4150218753001464,36.76699447631836,43.18201635161851,40.357337951660156,46.772359826960304,41.1243896484375,47.53941152373765
GigaBoomSEConfig-qurt.riscv,6.23,36.17,42.4,3.69551,35.0293,38.72481,6.4150218753001464,35.709468841552734,42.12449071685288,33.21834945678711,39.63337133208726,37.55649948120117,43.97152135650132
GigaBoomSEConfig-recursion.riscv,6.07,32.76,38.83,3.69551,33.0928,36.78831,6.4150218753001464,33.2691535949707,39.68417547027085,28.571489334106445,34.98651120940659,32.55445098876953,38.96947286406968
GigaBoomSEConfig-rsort.riscv,6.19,51.4,57.59,3.69551,49.0934,52.78891,6.4150218753001464,48.48173522949219,54.896757104792336,47.873573303222656,54.288595178522804,43.09367752075195,49.5086993960521
GigaBoomSEConfig-rv64ua-ps-amoadd_d_200,6.12,34.48,40.6,3.69551,22.5733,26.26881,6.4150218753001464,35.14178466796875,41.5568065432689,31.097383499145508,37.512405374445656,43.87921142578125,50.2942333010814
GigaBoomSEConfig-rv64ud-ps-fclass_200,6.12,47.64,53.76,3.69551,42.3112,46.00671,6.4150218753001464,46.262306213378906,52.677328088679054,43.36715316772461,49.78217504302476,45.88298034667969,52.298002221979836
GigaBoomSEConfig-rv64ud-ps-move_200,6.24,45.06,51.3,3.69551,35.7042,39.39971,6.4150218753001464,53.71615219116211,60.13117406646226,53.90177536010742,60.31679723540757,46.07746505737305,52.492486932673195
GigaBoomSEConfig-rv64ud-ps-structural_200,6.13,49.26,55.39,3.69551,43.2149,46.91041,6.4150218753001464,48.75120162963867,55.16622350493882,45.781864166259766,52.196886041559914,45.604312896728516,52.019334772028664
GigaBoomSEConfig-rv64ui-ps-and_200,6.12,45.03,51.15,3.69551,31.4855,35.18101,6.4150218753001464,44.57636642456055,50.991388299860695,41.39869689941406,47.81371877471421,49.185298919677734,55.60032079497788
GigaBoomSEConfig-rv64ui-ps-auipc_200,6.1,43.74,49.84,3.69551,38.5162,42.21171,6.4150218753001464,42.94268798828125,49.3577098635814,39.966339111328125,46.38136098662827,42.187740325927734,48.60276220122788
GigaBoomSEConfig-rv64ui-ps-bne_200,6.1,44.18,50.28,3.69551,42.4444,46.13991,6.4150218753001464,44.597599029541016,51.012620904841164,40.7318229675293,47.146844842829445,45.22213363647461,51.63715551177476
GigaBoomSEConfig-rv64ui-ps-fence_i_200,6.12,35.22,41.34,3.69551,30.8344,34.52991,6.4150218753001464,36.823978424072266,43.239000299372414,31.83283042907715,38.2478523043773,40.57265853881836,46.98768041411851
GigaBoomSEConfig-rv64ui-ps-jal_200,6.07,40.15,46.22,3.69551,41.4026,45.09811,6.4150218753001464,40.08757400512695,46.5025958804271,36.6146354675293,43.029657342829445,39.619197845458984,46.03421972075913
GigaBoomSEConfig-rv64ui-ps-jalr_200,6.09,43.93,50.02,3.69551,37.2778,40.97331,6.4150218753001464,42.87992477416992,49.29494664947007,40.65652084350586,47.07154271880601,41.249290466308594,47.66431234160874
GigaBoomSEConfig-rv64ui-ps-lui_200,6.08,41.53,47.61,3.69551,35.8476,39.54311,6.4150218753001464,42.111915588378906,48.526937463679054,38.99808883666992,45.41311071197007,44.91004180908203,51.32506368438218
GigaBoomSEConfig-rv64ui-ps-lw_200,6.12,45.52,51.64,3.69551,42.0463,45.74181,6.4150218753001464,43.16672897338867,49.58175084868882,38.81584548950195,45.2308673648021,46.42032241821289,52.83534429351304
GigaBoomSEConfig-rv64ui-ps-ori_200,6.13,45.59,51.72,3.69551,32.9201,36.61561,6.4150218753001464,45.38538360595703,51.80040548125718,41.71124267578125,48.1262645510814,45.580078125,51.99510000030015
GigaBoomSEConfig-rv64ui-ps-slli_200,6.11,45.23,51.34,3.69551,33.6688,37.36431,6.4150218753001464,45.11186599731445,51.5268878726146,41.339599609375,47.75462148467515,45.206031799316406,51.621053674616554
GigaBoomSEConfig-rv64ui-ps-slt_200,6.11,45.16,51.27,3.69551,34.6457,38.34121,6.4150218753001464,45.16410827636719,51.579130151667336,41.501121520996094,47.91614339629624,46.547855377197266,52.962877252497414
GigaBoomSEConfig-rv64ui-ps-sra_200,6.15,46.76,52.91,3.69551,33.664,37.35951,6.4150218753001464,46.082523345947266,52.497545221247414,42.870811462402344,49.28583333770249,45.70612335205078,52.12114522735093
GigaBoomSEConfig-rv64ui-ps-sw_200,6.15,46.54,52.69,3.69551,42.395,46.09051,6.4150218753001464,44.216087341308594,50.63110921660874,41.64617919921875,48.0612010745189,44.58156967163086,50.99659154693101
GigaBoomSEConfig-rv64ui-ps-xori_200,6.13,45.6,51.73,3.69551,33.5056,37.20111,6.4150218753001464,45.112606048583984,51.52762792388413,41.743282318115234,48.15830419341538,45.035194396972656,51.450216272272804
GigaBoomSEConfig-rv64um-ps-mulw_200,6.11,44.71,50.82,3.69551,39.4449,43.14041,6.4150218753001464,42.242156982421875,48.65717885772202,42.65932083129883,49.074342706598976,46.64179611206055,53.056817987360695
GigaBoomSEConfig-select.riscv,6.08,33.16,39.24,3.69551,33.3607,37.05621,6.4150218753001464,32.69900894165039,39.11403081695054,29.750024795532227,36.165046670832375,32.94001388549805,39.355035760798195
GigaBoomSEConfig-spmv.riscv,6.12,37.53,43.65,3.69551,33.722,37.41751,6.4150218753001464,36.71070098876953,43.12572286406968,35.342044830322266,41.757066705622414,36.62312698364258,43.038148858942726
GigaBoomSEConfig-sqrt.riscv,6.23,35.82,42.05,3.69551,35.6594,39.35491,6.4150218753001464,34.76356887817383,41.178590753473976,33.09880065917969,39.513822534479836,37.908077239990234,44.32309911529038
GigaBoomSEConfig-st.riscv,6.21,38.09,44.3,3.69551,25.8011,29.49661,6.4150218753001464,36.39352798461914,42.80854985991929,35.102012634277344,41.51703450957749,37.85837173461914,44.27339360991929
GigaBoomSEConfig-tarai.riscv,6.07,32.31,38.38,3.69551,27.2087,30.90421,6.4150218753001464,32.224910736083984,38.63993261138413,28.834945678710938,35.249967554011086,30.156509399414062,36.57153127471421
GigaBoomSEConfig-towers.riscv,6.14,39.16,45.3,3.69551,37.2037,40.89921,6.4150218753001464,36.48912048339844,42.904142358698586,35.49416732788086,41.90918920318101,35.66988754272461,42.08490941802476
GigaBoomSEConfig-vvadd.riscv,6.11,36.02,42.13,3.69551,27.7671,31.46261,6.4150218753001464,37.48139953613281,43.89642141143296,35.600128173828125,42.01515004912827,32.96660232543945,39.3816242007396
GigaBoomSEConfig-whetstone.riscv,6.17,34.05,40.22,3.69551,38.6786,42.37411,6.4150218753001464,32.83000564575195,39.2450275210521,31.03896713256836,37.45398900786851,39.61256790161133,46.027589776911476
